MazeID,StepSize,SideLength,Coordinates
Maze_1,0.5,1.5,0 0.75*0.5 0.75*0.5 0.25*1 0.25*1 0.75*1.5 0.75
Maze_2,0.5,1.5,0 0.75*0.5 0.75*0.5 1.25*1 1.25*1 0.75*1.5 0.75
Maze_3,0.5,1.5,0 0.75*0.5 0.75*1 0.75*1.5 0.75
Maze_4,0.5,2,0 1*0.5 1*1 1*1 1.5*1.5 1.5*1.5 1*2 1
Maze_5,0.5,2,0 1*0.5 1*0.5 1.5*1 1.5*1 1*1.5 1*2 1
Maze_6,0.5,2,0 1*0.5 1*0.5 1.5*1 1.5*1.5 1.5*1.5 1*2 1
Maze_7,0.5,2.5,0 1.25*0.5 1.25*0.5 0.75*0.5 0.25*1 0.25*1.5 0.25*1.5 0.75*1.5 1.25*2 1.25*2.5 1.25
Maze_8,0.5,2.5,0 1.25*0.5 1.25*0.5 0.75*0.5 0.25*1 0.25*1.5 0.25*1.5 0.75*1 0.75*1 1.25*1.5 1.25*2 1.25*2.5 1.25
Maze_9,0.5,2.5,0 1.25*0.5 1.25*1 1.25*1 1.75*1 2.25*1.5 2.25*1.5 1.75*2 1.75*2 1.25*2.5 1.25
Maze_10,0.5,3,0 1.5*0.5 1.5*0.5 2*1 2*1 1.5*1.5 1.5*1.5 1*1.5 0.5*2 0.5*2 1*2.5 1*2.5 1.5*3 1.5
Maze_11,0.5,3,0 1.5*0.5 1.5*0.5 1*1 1*1 1.5*1.5 1.5*1.5 2*1 2*1 2.5*1.5 2.5*2 2.5*2 2*2 1.5*2.5 1.5*3 1.5
Maze_12,0.5,3,0 1.5*0.5 1.5*0.5 2*0.5 2.5*1 2.5*1 2*1.5 2*1.5 1.5*1.5 1*1.5 0.5*2 0.5*2.5 0.5*2.5 1*2.5 1.5*3 1.5
Maze_13,0.5,3.5,0 1.75*0.5 1.75*1 1.75*1.5 1.75*1.5 2.25*2 2.25*2 2.75*2.5 2.75*3 2.75*3 2.25*3 1.75*3.5 1.75
Maze_14,0.5,3.5,0 1.75*0.5 1.75*0.5 1.25*1 1.25*1 0.75*1.5 0.75*2 0.75*2 0.25*2.5 0.25*2.5 0.75*3 0.75*3 1.25*3 1.75*3.5 1.75
Maze_15,0.5,3.5,0 1.75*0.5 1.75*0.5 1.25*0.5 0.75*1 0.75*1 0.25*1.5 0.25*2 0.25*2 0.75*2.5 0.75*2.5 0.25*3 0.25*3 0.75*3 1.25*3 1.75*3.5 1.75
Maze_16,0.5,4,0 2*0.5 2*0.5 2.5*1 2.5*1 2*1 1.5*0.5 1.5*0.5 1*0.5 0.5*1 0.5*1.5 0.5*2 0.5*2 1*2.5 1*3 1*3 1.5*2.5 1.5*2.5 2*2 2*2 1.5*1.5 1.5*1.5 2*1.5 2.5*1.5 3*1 3*0.5 3*0.5 3.5*1 3.5*1.5 3.5*2 3.5*2.5 3.5*2.5 3*2.5 2.5*3 2.5*3 2*3.5 2*4 2
Maze_17,0.5,4,0 2*0.5 2*0.5 1.5*0.5 1*0.5 0.5*1 0.5*1.5 0.5*2 0.5*2 1*2.5 1*2.5 0.5*3 0.5*3.5 0.5*3.5 1*3 1*3 1.5*3 2*3 2.5*3 3*3 3.5*3.5 3.5*3.5 3*3.5 2.5*3.5 2*4 2
Maze_18,0.5,4,0 2*0.5 2*0.5 1.5*0.5 1*1 1*1 0.5*1.5 0.5*2 0.5*2 1*2 1.5*1.5 1.5*1.5 2*1.5 2.5*1.5 3*2 3*2.5 3*2.5 3.5*3 3.5*3 3*3.5 3*3.5 2.5*3.5 2*4 2
Maze_19,0.5,4.5,0 2.25*0.5 2.25*0.5 1.75*0.5 1.25*0.5 0.75*0.5 0.25*1 0.25*1.5 0.25*2 0.25*2.5 0.25*2.5 0.75*2.5 1.25*3 1.25*3 1.75*3 2.25*3.5 2.25*3.5 2.75*4 2.75*4 2.25*4.5 2.25
Maze_20,0.5,4.5,0 2.25*0.5 2.25*0.5 2.75*1 2.75*1 2.25*1 1.75*1.5 1.75*2 1.75*2 1.25*2.5 1.25*2.5 1.75*3 1.75*3 2.25*3.5 2.25*3.5 1.75*4 1.75*4 2.25*4.5 2.25
Maze_21,0.5,4.5,0 2.25*0.5 2.25*0.5 1.75*1 1.75*1 2.25*1 2.75*1.5 2.75*1.5 3.25*1.5 3.75*1.5 4.25*2 4.25*2 3.75*2 3.25*2 2.75*2 2.25*2 1.75*2.5 1.75*3 1.75*3.5 1.75*3.5 2.25*4 2.25*4.5 2.25
Maze_22,0.5,5,0 2.5*0.5 2.5*0.5 3*1 3*1 3.5*1 4*1 4.5*1.5 4.5*1.5 4*1.5 3.5*1.5 3*1.5 2.5*1.5 2*1.5 1.5*1.5 1*2 1*2 0.5*2.5 0.5*2.5 1*3 1*3.5 1*3.5 0.5*4 0.5*4.5 0.5*4.5 1*4 1*4 1.5*4.5 1.5*4.5 2*4 2*3.5 2*3.5 2.5*3.5 3*4 3*4 3.5*4.5 3.5*4.5 3*4.5 2.5*5 2.5
Maze_23,0.5,5,0 2.5*0.5 2.5*1 2.5*1.5 2.5*1.5 3*1.5 3.5*1 3.5*1 3*0.5 3*0.5 3.5*0.5 4*1 4*1.5 4*2 4*2 4.5*2.5 4.5*3 4.5*3.5 4.5*4 4.5*4.5 4.5*4.5 4*4.5 3.5*4.5 3*4 3*3.5 3*3 3*3 2.5*3.5 2.5*3.5 2*3.5 1.5*3.5 1*4 1*4 0.5*4.5 0.5*4.5 1*4.5 1.5*4.5 2*4.5 2.5*5 2.5
Maze_24,0.5,5,0 2.5*0.5 2.5*1 2.5*1 2*1.5 2*1.5 2.5*2 2.5*2.5 2.5*2.5 2*2.5 1.5*2.5 1*3 1*3 1.5*3.5 1.5*4 1.5*4 1*4 0.5*4.5 0.5*4.5 1*4.5 1.5*4.5 2*4 2*4 2.5*4.5 2.5*5 2.5
Maze_25,0.75,2.25,0 1.125*0.75 1.125*0.75 1.875*1.5 1.875*1.5 1.125*2.25 1.125
Maze_26,0.75,2.25,0 1.125*0.75 1.125*1.5 1.125*2.25 1.125
Maze_27,0.75,2.25,0 1.125*0.75 1.125*0.75 0.375*1.5 0.375*1.5 1.125*2.25 1.125
Maze_28,0.75,3,0 1.5*0.75 1.5*0.75 2.25*1.5 2.25*1.5 1.5*1.5 0.75*2.25 0.75*2.25 1.5*3 1.5
Maze_29,0.75,3,0 1.5*0.75 1.5*1.5 1.5*2.25 1.5*3 1.5
Maze_30,0.75,3,0 1.5*0.75 1.5*1.5 1.5*2.25 1.5*3 1.5
Maze_31,0.75,3.75,0 1.875*0.75 1.875*0.75 2.625*1.5 2.625*1.5 3.375*2.25 3.375*2.25 2.625*3 2.625*3 1.875*3.75 1.875
Maze_32,0.75,3.75,0 1.875*0.75 1.875*0.75 2.625*1.5 2.625*1.5 1.875*2.25 1.875*3 1.875*3.75 1.875
Maze_33,0.75,3.75,0 1.875*0.75 1.875*1.5 1.875*1.5 2.625*1.5 3.375*2.25 3.375*2.25 2.625*3 2.625*3 1.875*3.75 1.875
Maze_34,0.75,4.5,0 2.25*0.75 2.25*1.5 2.25*1.5 3*1.5 3.75*2.25 3.75*2.25 3*2.25 2.25*2.25 1.5*2.25 0.75*3 0.75*3 1.5*3 2.25*3 3*3.75 3*3.75 2.25*4.5 2.25
Maze_35,0.75,4.5,0 2.25*0.75 2.25*1.5 2.25*2.25 2.25*2.25 3*3 3*3.75 3*3.75 2.25*4.5 2.25
Maze_36,0.75,4.5,0 2.25*0.75 2.25*0.75 1.5*1.5 1.5*1.5 0.75*2.25 0.75*2.25 1.5*2.25 2.25*3 2.25*3 1.5*3 0.75*3.75 0.75*3.75 1.5*3.75 2.25*4.5 2.25
Maze_37,0.75,5.25,0 2.625*0.75 2.625*0.75 3.375*1.5 3.375*2.25 3.375*2.25 2.625*2.25 1.875*3 1.875*3.75 1.875*3.75 2.625*3.75 3.375*3 3.375*3 4.125*3 4.875*3.75 4.875*3.75 4.125*4.5 4.125*4.5 3.375*4.5 2.625*5.25 2.625
Maze_38,0.75,5.25,0 2.625*0.75 2.625*0.75 3.375*1.5 3.375*2.25 3.375*2.25 4.125*2.25 4.875*3 4.875*3 4.125*3.75 4.125*3.75 3.375*4.5 3.375*4.5 2.625*5.25 2.625
Maze_39,0.75,5.25,0 2.625*0.75 2.625*0.75 1.875*0.75 1.125*1.5 1.125*1.5 1.875*1.5 2.625*2.25 2.625*3 2.625*3.75 2.625*4.5 2.625*5.25 2.625
Maze_40,0.75,6,0 3*0.75 3*1.5 3*1.5 2.25*2.25 2.25*2.25 3*2.25 3.75*3 3.75*3 3*3.75 3*3.75 3.75*4.5 3.75*5.25 3.75*5.25 3*6 3
Maze_41,0.75,6,0 3*0.75 3*0.75 3.75*0.75 4.5*1.5 4.5*1.5 3.75*2.25 3.75*3 3.75*3 4.5*3.75 4.5*3.75 5.25*4.5 5.25*5.25 5.25*5.25 4.5*4.5 4.5*4.5 3.75*4.5 3*5.25 3*6 3
Maze_42,0.75,6,0 3*0.75 3*1.5 3*1.5 3.75*1.5 4.5*1.5 5.25*2.25 5.25*3 5.25*3.75 5.25*4.5 5.25*4.5 4.5*3.75 4.5*3.75 3.75*3 3.75*2.25 3.75*2.25 3*3 3*3 2.25*2.25 2.25*2.25 1.5*3 1.5*3 0.75*3.75 0.75*3.75 1.5*4.5 1.5*4.5 2.25*3.75 2.25*3.75 3*4.5 3*5.25 3*6 3
Maze_43,0.75,6.75,0 3.375*0.75 3.375*0.75 4.125*1.5 4.125*2.25 4.125*2.25 3.375*3 3.375*3.75 3.375*3.75 4.125*4.5 4.125*4.5 4.875*5.25 4.875*5.25 5.625*6 5.625*6 4.875*6 4.125*6 3.375*6.75 3.375
Maze_44,0.75,6.75,0 3.375*0.75 3.375*1.5 3.375*1.5 4.125*2.25 4.125*3 4.125*3.75 4.125*3.75 3.375*3 3.375*3 2.625*2.25 2.625*1.5 2.625*1.5 1.875*1.5 1.125*1.5 0.375*2.25 0.375*2.25 1.125*3 1.125*3.75 1.125*3.75 0.375*4.5 0.375*4.5 1.125*4.5 1.875*4.5 2.625*5.25 2.625*5.25 3.375*6 3.375*6.75 3.375
Maze_45,0.75,6.75,0 3.375*0.75 3.375*0.75 2.625*0.75 1.875*1.5 1.875*1.5 2.625*2.25 2.625*2.25 3.375*3 3.375*3 4.125*3 4.875*3.75 4.875*3.75 4.125*4.5 4.125*4.5 3.375*3.75 3.375*3.75 2.625*4.5 2.625*5.25 2.625*5.25 3.375*5.25 4.125*6 4.125*6 3.375*6.75 3.375
Maze_46,0.75,7.5,0 3.75*0.75 3.75*1.5 3.75*1.5 4.5*1.5 5.25*1.5 6*2.25 6*3 6*3 5.25*3.75 5.25*3.75 4.5*3.75 3.75*4.5 3.75*4.5 4.5*5.25 4.5*6 4.5*6 3.75*6 3*6 2.25*6.75 2.25*6.75 3*6.75 3.75*7.5 3.75
Maze_47,0.75,7.5,0 3.75*0.75 3.75*1.5 3.75*1.5 3*2.25 3*3 3*3 3.75*3 4.5*2.25 4.5*2.25 5.25*1.5 5.25*0.75 5.25*0.75 6*0.75 6.75*1.5 6.75*1.5 6*2.25 6*3 6*3.75 6*4.5 6*4.5 6.75*5.25 6.75*5.25 6*6 6*6.75 6*6.75 5.25*6.75 4.5*6.75 3.75*7.5 3.75
Maze_48,0.75,7.5,0 3.75*0.75 3.75*0.75 3*0.75 2.25*1.5 2.25*1.5 3*2.25 3*2.25 2.25*3 2.25*3 3*3 3.75*2.25 3.75*2.25 4.5*2.25 5.25*1.5 5.25*1.5 4.5*0.75 4.5*0.75 5.25*0.75 6*1.5 6*2.25 6*3 6*3.75 6*4.5 6*4.5 5.25*5.25 5.25*5.25 4.5*5.25 3.75*6 3.75*6 3*6 2.25*5.25 2.25*5.25 1.5*6 1.5*6 0.75*6.75 0.75*6.75 1.5*6.75 2.25*6.75 3*6.75 3.75*7.5 3.75
Maze_49,1,3,0 1.5*1 1.5*1 2.5*2 2.5*2 1.5*3 1.5
Maze_50,1,3,0 1.5*1 1.5*1 0.5*2 0.5*2 1.5*3 1.5
Maze_51,1,3,0 1.5*1 1.5*1 2.5*2 2.5*2 1.5*3 1.5
Maze_52,1,4,0 2*1 2*2 2*2 1*3 1*3 2*4 2
Maze_53,1,4,0 2*1 2*2 2*2 3*3 3*3 2*4 2
Maze_54,1,4,0 2*1 2*2 2*2 3*3 3*3 2*4 2
Maze_55,1,5,0 2.5*1 2.5*1 1.5*1 0.5*2 0.5*2 1.5*2 2.5*2 3.5*3 3.5*3 4.5*4 4.5*4 3.5*4 2.5*5 2.5
Maze_56,1,5,0 2.5*1 2.5*2 2.5*2 1.5*3 1.5*4 1.5*4 2.5*5 2.5
Maze_57,1,5,0 2.5*1 2.5*2 2.5*3 2.5*4 2.5*5 2.5
Maze_58,1,6,0 3*1 3*1 2*1 1*2 1*2 2*3 2*3 1*4 1*5 1*5 2*5 3*6 3
Maze_59,1,6,0 3*1 3*2 3*3 3*3 2*4 2*5 2*5 3*6 3
Maze_60,1,6,0 3*1 3*1 2*2 2*3 2*3 1*4 1*4 2*4 3*3 3*3 4*4 4*5 4*5 3*6 3
Maze_61,1,7,0 3.5*1 3.5*1 4.5*1 5.5*2 5.5*2 4.5*2 3.5*2 2.5*2 1.5*2 0.5*3 0.5*3 1.5*4 1.5*5 1.5*5 2.5*6 2.5*6 3.5*7 3.5
Maze_62,1,7,0 3.5*1 3.5*2 3.5*3 3.5*4 3.5*5 3.5*5 4.5*6 4.5*6 3.5*7 3.5
Maze_63,1,7,0 3.5*1 3.5*1 2.5*2 2.5*2 1.5*2 0.5*3 0.5*3 1.5*3 2.5*4 2.5*4 3.5*4 4.5*3 4.5*2 4.5*1 4.5*1 5.5*2 5.5*2 6.5*3 6.5*4 6.5*5 6.5*5 5.5*5 4.5*6 4.5*6 3.5*7 3.5
Maze_64,1,8,0 4*1 4*1 3*2 3*2 4*2 5*3 5*3 6*3 7*4 7*5 7*6 7*7 7*7 6*7 5*7 4*8 4
Maze_65,1,8,0 4*1 4*1 3*1 2*1 1*2 1*2 2*3 2*3 3*4 3*4 2*5 2*5 3*6 3*7 3*7 4*8 4
Maze_66,1,8,0 4*1 4*1 5*2 5*2 4*2 3*3 3*3 4*4 4*4 3*4 2*4 1*5 1*5 2*5 3*5 4*5 5*5 6*5 7*6 7*7 7*7 6*7 5*6 5*6 4*6 3*6 2*7 2*7 3*7 4*8 4
Maze_67,1,9,0 4.5*1 4.5*2 4.5*2 5.5*2 6.5*3 6.5*4 6.5*5 6.5*5 7.5*5 8.5*6 8.5*7 8.5*8 8.5*8 7.5*8 6.5*8 5.5*8 4.5*9 4.5
Maze_68,1,9,0 4.5*1 4.5*1 5.5*2 5.5*2 6.5*3 6.5*3 5.5*3 4.5*3 3.5*4 3.5*5 3.5*5 2.5*6 2.5*7 2.5*8 2.5*8 3.5*8 4.5*9 4.5
Maze_69,1,9,0 4.5*1 4.5*1 5.5*2 5.5*2 4.5*2 3.5*3 3.5*4 3.5*4 4.5*4 5.5*4 6.5*5 6.5*6 6.5*6 5.5*7 5.5*8 5.5*8 4.5*9 4.5
Maze_70,1,10,0 5*1 5*1 6*1 7*2 7*2 6*2 5*3 5*4 5*4 6*5 6*5 7*5 8*5 9*6 9*6 8*6 7*6 6*6 5*7 5*8 5*9 5*10 5
Maze_71,1,10,0 5*1 5*1 6*2 6*2 7*2 8*1 8*1 9*2 9*3 9*3 8*3 7*3 6*3 5*4 5*4 4*3 4*3 3*4 3*5 3*5 4*6 4*6 3*6 2*7 2*7 1*8 1*8 2*8 3*9 3*9 4*9 5*10 5
Maze_72,1,10,0 5*1 5*1 4*1 3*1 2*1 1*2 1*3 1*3 2*4 2*4 3*5 3*6 3*6 4*5 4*5 5*4 5*4 6*5 6*5 7*5 8*6 8*7 8*8 8*8 7*9 7*9 6*8 6*7 6*7 5*7 4*7 3*8 3*8 2*8 1*9 1*9 2*9 3*9 4*8 4*8 5*9 5*10 5
Maze_73,1.5,4.5,0 2.25*1.5 2.25*1.5 0.75*3 0.75*3 2.25*4.5 2.25
Maze_74,1.5,4.5,0 2.25*1.5 2.25*3 2.25*4.5 2.25
Maze_75,1.5,4.5,0 2.25*1.5 2.25*1.5 0.75*3 0.75*3 2.25*4.5 2.25
Maze_76,1.5,6,0 3*1.5 3*1.5 4.5*3 4.5*4.5 4.5*4.5 3*6 3
Maze_77,1.5,6,0 3*1.5 3*1.5 1.5*3 1.5*4.5 1.5*4.5 3*6 3
Maze_78,1.5,6,0 3*1.5 3*1.5 4.5*3 4.5*4.5 4.5*4.5 3*6 3
Maze_79,1.5,7.5,0 3.75*1.5 3.75*3 3.75*4.5 3.75*6 3.75*7.5 3.75
Maze_80,1.5,7.5,0 3.75*1.5 3.75*1.5 2.25*1.5 0.75*3 0.75*4.5 0.75*4.5 2.25*6 2.25*6 3.75*7.5 3.75
Maze_81,1.5,7.5,0 3.75*1.5 3.75*1.5 2.25*3 2.25*3 3.75*4.5 3.75*6 3.75*7.5 3.75
Maze_82,1.5,9,0 4.5*1.5 4.5*1.5 6*1.5 7.5*3 7.5*3 6*4.5 6*6 6*7.5 6*7.5 4.5*9 4.5
Maze_83,1.5,9,0 4.5*1.5 4.5*1.5 6*3 6*4.5 6*4.5 4.5*6 4.5*6 6*6 7.5*7.5 7.5*7.5 6*7.5 4.5*9 4.5
Maze_84,1.5,9,0 4.5*1.5 4.5*1.5 3*1.5 1.5*3 1.5*4.5 1.5*4.5 3*3 3*3 4.5*4.5 4.5*6 4.5*6 3*6 1.5*7.5 1.5*7.5 3*7.5 4.5*9 4.5
Maze_85,1.5,10.5,0 5.25*1.5 5.25*3 5.25*3 3.75*4.5 3.75*4.5 2.25*6 2.25*6 0.75*7.5 0.75*7.5 2.25*9 2.25*9 3.75*9 5.25*10.5 5.25
Maze_86,1.5,10.5,0 5.25*1.5 5.25*3 5.25*4.5 5.25*6 5.25*6 3.75*6 2.25*6 0.75*7.5 0.75*9 0.75*9 2.25*7.5 2.25*7.5 3.75*9 3.75*9 5.25*10.5 5.25
Maze_87,1.5,10.5,0 5.25*1.5 5.25*1.5 3.75*1.5 2.25*1.5 0.75*3 0.75*3 2.25*3 3.75*4.5 3.75*4.5 2.25*6 2.25*6 0.75*7.5 0.75*9 0.75*9 2.25*7.5 2.25*7.5 3.75*6 3.75*6 5.25*6 6.75*7.5 6.75*7.5 8.25*7.5 9.75*9 9.75*9 8.25*9 6.75*9 5.25*10.5 5.25
Maze_88,1.5,12,0 6*1.5 6*1.5 7.5*3 7.5*4.5 7.5*4.5 6*4.5 4.5*6 4.5*7.5 4.5*7.5 3*9 3*9 4.5*9 6*9 7.5*9 9*10.5 9*10.5 7.5*10.5 6*12 6
Maze_89,1.5,12,0 6*1.5 6*3 6*3 7.5*4.5 7.5*6 7.5*6 6*4.5 6*4.5 4.5*6 4.5*6 3*6 1.5*7.5 1.5*9 1.5*9 3*10.5 3*10.5 4.5*10.5 6*12 6
Maze_90,1.5,12,0 6*1.5 6*1.5 7.5*1.5 9*3 9*4.5 9*6 9*7.5 9*7.5 10.5*9 10.5*10.5 10.5*10.5 9*10.5 7.5*10.5 6*12 6
Maze_91,1.5,13.5,0 6.75*1.5 6.75*1.5 5.25*3 5.25*4.5 5.25*4.5 3.75*4.5 2.25*4.5 0.75*6 0.75*7.5 0.75*9 0.75*9 2.25*7.5 2.25*7.5 3.75*9 3.75*9 5.25*10.5 5.25*10.5 3.75*10.5 2.25*10.5 0.75*12 0.75*12 2.25*12 3.75*12 5.25*12 6.75*13.5 6.75
Maze_92,1.5,13.5,0 6.75*1.5 6.75*3 6.75*3 8.25*3 9.75*3 11.25*3 12.75*4.5 12.75*4.5 11.25*4.5 9.75*4.5 8.25*6 8.25*7.5 8.25*7.5 9.75*7.5 11.25*7.5 12.75*9 12.75*10.5 12.75*10.5 11.25*9 11.25*9 9.75*10.5 9.75*12 9.75*12 8.25*12 6.75*13.5 6.75
Maze_93,1.5,13.5,0 6.75*1.5 6.75*3 6.75*3 5.25*3 3.75*4.5 3.75*4.5 5.25*6 5.25*7.5 5.25*9 5.25*9 3.75*10.5 3.75*10.5 5.25*12 5.25*12 6.75*13.5 6.75
Maze_94,1.5,15,0 7.5*1.5 7.5*1.5 6*1.5 4.5*1.5 3*1.5 1.5*3 1.5*3 3*4.5 3*4.5 4.5*6 4.5*7.5 4.5*9 4.5*9 3*10.5 3*12 3*12 1.5*13.5 1.5*13.5 3*13.5 4.5*12 4.5*12 6*13.5 6*13.5 7.5*15 7.5
Maze_95,1.5,15,0 7.5*1.5 7.5*3 7.5*4.5 7.5*4.5 6*4.5 4.5*6 4.5*6 6*6 7.5*6 9*7.5 9*7.5 7.5*9 7.5*10.5 7.5*12 7.5*13.5 7.5*15 7.5
Maze_96,1.5,15,0 7.5*1.5 7.5*3 7.5*3 6*3 4.5*1.5 4.5*1.5 3*1.5 1.5*3 1.5*3 3*4.5 3*6 3*6 1.5*7.5 1.5*7.5 3*9 3*10.5 3*10.5 4.5*10.5 6*12 6*13.5 6*13.5 7.5*15 7.5
Maze_97,1.75,5.25,0 2.625*1.75 2.625*3.5 2.625*5.25 2.625
Maze_98,1.75,5.25,0 2.625*1.75 2.625*3.5 2.625*5.25 2.625
Maze_99,1.75,5.25,0 2.625*1.75 2.625*1.75 4.375*3.5 4.375*3.5 2.625*5.25 2.625
Maze_100,1.75,7,0 3.5*1.75 3.5*1.75 1.75*3.5 1.75*3.5 3.5*3.5 5.25*5.25 5.25*5.25 3.5*7 3.5
Maze_101,1.75,7,0 3.5*1.75 3.5*1.75 1.75*3.5 1.75*3.5 3.5*5.25 3.5*7 3.5
Maze_102,1.75,7,0 3.5*1.75 3.5*1.75 5.25*3.5 5.25*5.25 5.25*5.25 3.5*7 3.5
Maze_103,1.75,8.75,0 4.375*1.75 4.375*1.75 2.625*1.75 0.875*3.5 0.875*3.5 2.625*3.5 4.375*3.5 6.125*5.25 6.125*5.25 4.375*5.25 2.625*7 2.625*7 4.375*8.75 4.375
Maze_104,1.75,8.75,0 4.375*1.75 4.375*1.75 6.125*3.5 6.125*3.5 4.375*3.5 2.625*5.25 2.625*5.25 0.875*7 0.875*7 2.625*7 4.375*8.75 4.375
Maze_105,1.75,8.75,0 4.375*1.75 4.375*1.75 6.125*3.5 6.125*3.5 7.875*5.25 7.875*5.25 6.125*5.25 4.375*7 4.375*8.75 4.375
Maze_106,1.75,10.5,0 5.25*1.75 5.25*3.5 5.25*5.25 5.25*5.25 3.5*7 3.5*7 5.25*7 7*8.75 7*8.75 5.25*10.5 5.25
Maze_107,1.75,10.5,0 5.25*1.75 5.25*3.5 5.25*3.5 7*5.25 7*5.25 8.75*7 8.75*7 7*8.75 7*8.75 5.25*10.5 5.25
Maze_108,1.75,10.5,0 5.25*1.75 5.25*1.75 3.5*1.75 1.75*3.5 1.75*5.25 1.75*5.25 3.5*7 3.5*7 1.75*8.75 1.75*8.75 3.5*8.75 5.25*10.5 5.25
Maze_109,1.75,12.25,0 6.125*1.75 6.125*1.75 4.375*1.75 2.625*1.75 0.875*3.5 0.875*3.5 2.625*5.25 2.625*5.25 0.875*7 0.875*7 2.625*7 4.375*7 6.125*7 7.875*7 9.625*8.75 9.625*8.75 7.875*8.75 6.125*10.5 6.125*12.25 6.125
Maze_110,1.75,12.25,0 6.125*1.75 6.125*1.75 4.375*3.5 4.375*3.5 6.125*3.5 7.875*5.25 7.875*5.25 9.625*3.5 9.625*1.75 9.625*1.75 11.375*3.5 11.375*5.25 11.375*7 11.375*8.75 11.375*8.75 9.625*7 9.625*7 7.875*8.75 7.875*8.75 6.125*10.5 6.125*12.25 6.125
Maze_111,1.75,12.25,0 6.125*1.75 6.125*1.75 7.875*1.75 9.625*3.5 9.625*5.25 9.625*7 9.625*7 7.875*7 6.125*7 4.375*8.75 4.375*10.5 4.375*10.5 6.125*12.25 6.125
Maze_112,1.75,14,0 7*1.75 7*3.5 7*3.5 5.25*5.25 5.25*7 5.25*7 3.5*8.75 3.5*10.5 3.5*12.25 3.5*12.25 5.25*12.25 7*14 7
Maze_113,1.75,14,0 7*1.75 7*1.75 5.25*3.5 5.25*3.5 3.5*5.25 3.5*5.25 1.75*7 1.75*8.75 1.75*8.75 3.5*8.75 5.25*7 5.25*7 7*7 8.75*8.75 8.75*10.5 8.75*10.5 7*12.25 7*14 7
Maze_114,1.75,14,0 7*1.75 7*1.75 5.25*1.75 3.5*3.5 3.5*3.5 5.25*5.25 5.25*5.25 3.5*5.25 1.75*7 1.75*8.75 1.75*8.75 3.5*10.5 3.5*10.5 1.75*12.25 1.75*12.25 3.5*12.25 5.25*12.25 7*14 7
Maze_115,1.75,15.75,0 7.875*1.75 7.875*3.5 7.875*5.25 7.875*5.25 9.625*3.5 9.625*1.75 9.625*1.75 11.375*3.5 11.375*5.25 11.375*7 11.375*7 9.625*7 7.875*8.75 7.875*10.5 7.875*10.5 9.625*10.5 11.375*12.25 11.375*14 11.375*14 9.625*14 7.875*15.75 7.875
Maze_116,1.75,15.75,0 7.875*1.75 7.875*3.5 7.875*3.5 9.625*1.75 9.625*1.75 11.375*3.5 11.375*3.5 13.125*1.75 13.125*1.75 14.875*3.5 14.875*5.25 14.875*7 14.875*7 13.125*8.75 13.125*8.75 14.875*10.5 14.875*10.5 13.125*10.5 11.375*10.5 9.625*12.25 9.625*12.25 7.875*12.25 6.125*14 6.125*14 7.875*15.75 7.875
Maze_117,1.75,15.75,0 7.875*1.75 7.875*1.75 6.125*1.75 4.375*3.5 4.375*3.5 2.625*1.75 2.625*1.75 0.875*3.5 0.875*5.25 0.875*5.25 2.625*5.25 4.375*7 4.375*7 2.625*7 0.875*8.75 0.875*8.75 2.625*8.75 4.375*10.5 4.375*12.25 4.375*12.25 6.125*14 6.125*14 7.875*15.75 7.875
Maze_118,1.75,17.5,0 8.75*1.75 8.75*1.75 10.5*1.75 12.25*1.75 14*1.75 15.75*3.5 15.75*5.25 15.75*7 15.75*7 14*8.75 14*8.75 15.75*10.5 15.75*10.5 14*12.25 14*12.25 12.25*10.5 12.25*10.5 10.5*10.5 8.75*12.25 8.75*12.25 10.5*14 10.5*15.75 10.5*15.75 8.75*17.5 8.75
Maze_119,1.75,17.5,0 8.75*1.75 8.75*3.5 8.75*5.25 8.75*5.25 7*7 7*7 5.25*7 3.5*8.75 3.5*8.75 5.25*8.75 7*8.75 8.75*7 8.75*7 10.5*5.25 10.5*3.5 10.5*3.5 12.25*3.5 14*3.5 15.75*5.25 15.75*7 15.75*7 14*5.25 14*5.25 12.25*7 12.25*8.75 12.25*8.75 10.5*10.5 10.5*12.25 10.5*14 10.5*15.75 10.5*15.75 8.75*17.5 8.75
Maze_120,1.75,17.5,0 8.75*1.75 8.75*1.75 7*3.5 7*3.5 8.75*3.5 10.5*5.25 10.5*5.25 12.25*5.25 14*5.25 15.75*7 15.75*8.75 15.75*10.5 15.75*12.25 15.75*14 15.75*15.75 15.75*15.75 14*14 14*12.25 14*12.25 12.25*14 12.25*14 10.5*14 8.75*15.75 8.75*17.5 8.75
Maze_121,2,6,0 3*2 3*2 1*4 1*4 3*6 3
Maze_122,2,6,0 3*2 3*2 1*4 1*4 3*6 3
Maze_123,2,6,0 3*2 3*4 3*6 3
Maze_124,2,8,0 4*2 4*4 4*4 2*6 2*6 4*8 4
Maze_125,2,8,0 4*2 4*4 4*6 4*8 4
Maze_126,2,8,0 4*2 4*2 6*4 6*4 4*4 2*6 2*6 4*8 4
Maze_127,2,10,0 5*2 5*4 5*4 7*4 9*6 9*6 7*6 5*6 3*6 1*8 1*8 3*8 5*10 5
Maze_128,2,10,0 5*2 5*2 3*4 3*4 1*6 1*8 1*8 3*6 3*6 5*8 5*10 5
Maze_129,2,10,0 5*2 5*4 5*4 7*4 9*6 9*6 7*8 7*8 5*10 5
Maze_130,2,12,0 6*2 6*2 4*4 4*6 4*8 4*8 6*8 8*8 10*10 10*10 8*10 6*12 6
Maze_131,2,12,0 6*2 6*4 6*4 4*6 4*6 2*8 2*8 4*8 6*8 8*6 8*4 8*4 10*6 10*8 10*10 10*10 8*10 6*12 6
Maze_132,2,12,0 6*2 6*2 8*2 10*4 10*4 8*4 6*6 6*8 6*8 8*10 8*10 6*12 6
Maze_133,2,14,0 7*2 7*2 9*2 11*2 13*4 13*4 11*6 11*6 9*8 9*10 9*12 9*12 7*14 7
Maze_134,2,14,0 7*2 7*2 5*4 5*4 3*4 1*6 1*8 1*8 3*6 3*6 5*8 5*10 5*12 5*12 7*14 7
Maze_135,2,14,0 7*2 7*2 5*4 5*4 7*4 9*4 11*4 13*6 13*6 11*8 11*10 11*10 9*12 9*12 7*14 7
Maze_136,2,16,0 8*2 8*4 8*4 6*4 4*4 2*6 2*6 4*6 6*8 6*8 8*10 8*12 8*12 10*12 12*14 12*14 10*14 8*16 8
Maze_137,2,16,0 8*2 8*4 8*4 10*6 10*8 10*10 10*10 8*8 8*6 8*6 6*8 6*8 4*8 2*10 2*10 4*12 4*14 4*14 6*12 6*12 8*12 10*14 10*14 8*16 8
Maze_138,2,16,0 8*2 8*2 10*2 12*2 14*4 14*6 14*6 12*4 12*4 10*6 10*8 10*8 8*8 6*10 6*10 8*12 8*12 6*14 6*14 8*16 8
Maze_139,2,18,0 9*2 9*4 9*4 7*2 7*2 5*2 3*4 3*4 5*6 5*8 5*8 3*8 1*10 1*12 1*12 3*12 5*10 5*10 7*12 7*14 7*14 9*16 9*18 9
Maze_140,2,18,0 9*2 9*2 11*4 11*4 9*4 7*4 5*2 5*2 3*2 1*4 1*4 3*6 3*6 5*8 5*10 5*10 7*12 7*12 9*14 9*16 9*18 9
Maze_141,2,18,0 9*2 9*4 9*6 9*6 11*6 13*8 13*8 11*10 11*12 11*12 9*14 9*14 11*16 11*16 9*18 9
Maze_142,2,20,0 10*2 10*4 10*4 8*4 6*6 6*6 8*6 10*8 10*8 8*10 8*10 10*10 12*12 12*12 10*14 10*14 8*16 8*16 10*18 10*20 10
Maze_143,2,20,0 10*2 10*4 10*4 8*6 8*8 8*8 10*8 12*8 14*10 14*10 12*12 12*12 10*14 10*14 8*14 6*16 6*16 8*16 10*16 12*18 12*18 10*20 10
Maze_144,2,20,0 10*2 10*4 10*4 12*4 14*4 16*2 16*2 18*4 18*6 18*8 18*10 18*10 16*8 16*8 14*6 14*6 12*6 10*8 10*8 8*6 8*4 8*2 8*2 6*2 4*4 4*4 6*6 6*8 6*8 4*6 4*6 2*8 2*10 2*10 4*10 6*10 8*10 10*12 10*12 8*14 8*16 8*16 10*18 10*20 10
